file	dimensions	bytes	use
article-01-main-volcano-1080x788.png	1080x788	175115	article inline main figure
article-02-before-after-1080x720.png	1080x720	172626	before/after comparison
article-03-ring-rule-1080x720.png	1080x720	64271	ring color rule explainer
article-04-api-flow-1080x720.png	1080x720	95291	API workflow explainer
wechat-cover-900x383.jpg	900x383	32176	main WeChat cover JPG
wechat-cover-900x383.png	900x383	48884	main WeChat cover
wechat-cover-retina-1800x766.png	1800x766	103613	retina WeChat cover
wechat-share-500x400.jpg	500x400	41855	share card JPG
wechat-share-500x400.png	500x400	37565	share card
wechat-square-1080x1080.jpg	1080x1080	137429	square secondary cover JPG
wechat-square-1080x1080.png	1080x1080	157252	square secondary cover
